{"input_shapes": [[16, 16]], "input_data": [[1.0, 1.0, 1.0, 1.0, 1.0, 1.0, 1.0, 1.0, 1.0, 1.0, 1.0, 1.0, 1.0, 1.0, 1.0, 1.0, 1.0, 1.0, 1.0, 1.0, 1.0, 1.0, 1.0, 1.0, 1.0, 1.0, 1.0, 1.0, 1.0, 1.0, 1.0, 1.0, 1.0, 1.0, 1.0, 1.0, 1.0, 1.0, 1.0, 1.0, 1.0, 1.0, 1.0, 1.0, 1.0, 1.0, 1.0, 1.0, 1.0, 1.0, 1.0, 1.0, 1.0, 1.0, 1.0, 1.0, 1.0, 1.0, 1.0, 1.0, 1.0, 1.0, 1.0, 1.0, 1.0, 1.0, 1.0, 1.0, 1.0, 1.0, 1.0, 1.0, 1.0, 1.0, 1.0, 1.0, 1.0, 1.0, 1.0, 1.0, 1.0, 1.0, 1.0, 1.0, 1.0, 1.0, 1.0, 1.0, 1.0, 1.0, 1.0, 1.0, 1.0, 1.0, 1.0, 1.0, 1.0, 1.0, 1.0, 1.0, 1.0, 1.0, 1.0, 1.0, 1.0, 1.0, 1.0, 1.0, 1.0, 1.0, 1.0, 1.0, 1.0, 1.0, 1.0, 1.0, 1.0, 1.0, 1.0, 1.0, 1.0, 1.0, 1.0, 1.0, 1.0, 1.0, 1.0, 1.0, 1.0, 1.0, 1.0, 1.0, 1.0, 1.0, 1.0, 1.0, 1.0, 1.0, 1.0, 1.0, 1.0, 1.0, 1.0, 1.0, 1.0, 1.0, 1.0, 1.0, 1.0, 1.0, 1.0, 1.0, 1.0, 1.0, 1.0, 1.0, 1.0, 1.0, 1.0, 1.0, 1.0, 1.0, 1.0, 1.0, 1.0, 1.0, 1.0, 1.0, 1.0, 1.0, 1.0, 1.0, 1.0, 1.0, 1.0, 1.0, 1.0, 1.0, 1.0, 1.0, 1.0, 1.0, 1.0, 1.0, 1.0, 1.0, 1.0, 1.0, 1.0, 1.0, 1.0, 1.0, 1.0, 1.0, 1.0, 1.0, 1.0, 1.0, 1.0, 1.0, 1.0, 1.0, 1.0, 1.0, 1.0, 1.0, 1.0, 1.0, 1.0, 1.0, 1.0, 1.0, 1.0, 1.0, 1.0, 1.0, 1.0, 1.0, 1.0, 1.0, 1.0, 1.0, 1.0, 1.0, 1.0, 1.0, 1.0, 1.0, 1.0, 1.0, 1.0, 1.0, 1.0, 1.0, 1.0, 1.0, 1.0, 1.0, 1.0, 1.0, 1.0, 1.0, 1.0, 1.0, 1.0, 1.0, 1.0, 1.0, 1.0, 1.0, 1.0, 1.0, 1.0, 1.0, 1.0, 1.0]], "output_data": [[0.9883008599281311, 1.1184486150741577, 1.0707365274429321, 1.039534330368042, 0.9153529405593872, 0.938934326171875, 0.9843803644180298, 1.0784848928451538, 1.0674827098846436, 1.04893159866333, 1.0511510372161865, 1.064724326133728, 1.0361212491989136, 1.0334579944610596, 0.8772153854370117, 1.217792272567749, 0.9883008599281311, 1.1184486150741577, 1.0707365274429321, 1.039534330368042, 0.9153529405593872, 0.938934326171875, 0.9843803644180298, 1.0784848928451538, 1.0674827098846436, 1.04893159866333, 1.0511510372161865, 1.064724326133728, 1.0361212491989136, 1.0334579944610596, 0.8772153854370117, 1.217792272567749, 0.9883008599281311, 1.1184486150741577, 1.0707365274429321, 1.039534330368042, 0.9153529405593872, 0.938934326171875, 0.9843803644180298, 1.0784848928451538, 1.0674827098846436, 1.04893159866333, 1.0511510372161865, 1.064724326133728, 1.0361212491989136, 1.0334579944610596, 0.8772153854370117, 1.217792272567749, 0.9883008599281311, 1.1184486150741577, 1.0707365274429321, 1.039534330368042, 0.9153529405593872, 0.938934326171875, 0.9843803644180298, 1.0784848928451538, 1.0674827098846436, 1.04893159866333, 1.0511510372161865, 1.064724326133728, 1.0361212491989136, 1.0334579944610596, 0.8772153854370117, 1.217792272567749, 0.9883008599281311, 1.1184486150741577, 1.0707365274429321, 1.039534330368042, 0.9153529405593872, 0.938934326171875, 0.9843803644180298, 1.0784848928451538, 1.0674827098846436, 1.04893159866333, 1.0511510372161865, 1.064724326133728, 1.0361212491989136, 1.0334579944610596, 0.8772153854370117, 1.217792272567749, 0.9883008599281311, 1.1184486150741577, 1.0707365274429321, 1.039534330368042, 0.9153529405593872, 0.938934326171875, 0.9843803644180298, 1.0784848928451538, 1.0674827098846436, 1.04893159866333, 1.0511510372161865, 1.064724326133728, 1.0361212491989136, 1.0334579944610596, 0.8772153854370117, 1.217792272567749, 0.9883008599281311, 1.1184486150741577, 1.0707365274429321, 1.039534330368042, 0.9153529405593872, 0.938934326171875, 0.9843803644180298, 1.0784848928451538, 1.0674827098846436, 1.04893159866333, 1.0511510372161865, 1.064724326133728, 1.0361212491989136, 1.0334579944610596, 0.8772153854370117, 1.217792272567749, 0.9883008599281311, 1.1184486150741577, 1.0707365274429321, 1.039534330368042, 0.9153529405593872, 0.938934326171875, 0.9843803644180298, 1.0784848928451538, 1.0674827098846436, 1.04893159866333, 1.0511510372161865, 1.064724326133728, 1.0361212491989136, 1.0334579944610596, 0.8772153854370117, 1.217792272567749, 0.9883008599281311, 1.1184486150741577, 1.0707365274429321, 1.039534330368042, 0.9153529405593872, 0.938934326171875, 0.9843803644180298, 1.0784848928451538, 1.0674827098846436, 1.04893159866333, 1.0511510372161865, 1.064724326133728, 1.0361212491989136, 1.0334579944610596, 0.8772153854370117, 1.217792272567749, 0.9883008599281311, 1.1184486150741577, 1.0707365274429321, 1.039534330368042, 0.9153529405593872, 0.938934326171875, 0.9843803644180298, 1.0784848928451538, 1.0674827098846436, 1.04893159866333, 1.0511510372161865, 1.064724326133728, 1.0361212491989136, 1.0334579944610596, 0.8772153854370117, 1.217792272567749, 0.9883008599281311, 1.1184486150741577, 1.0707365274429321, 1.039534330368042, 0.9153529405593872, 0.938934326171875, 0.9843803644180298, 1.0784848928451538, 1.0674827098846436, 1.04893159866333, 1.0511510372161865, 1.064724326133728, 1.0361212491989136, 1.0334579944610596, 0.8772153854370117, 1.217792272567749, 0.9883008599281311, 1.1184486150741577, 1.0707365274429321, 1.039534330368042, 0.9153529405593872, 0.938934326171875, 0.9843803644180298, 1.0784848928451538, 1.0674827098846436, 1.04893159866333, 1.0511510372161865, 1.064724326133728, 1.0361212491989136, 1.0334579944610596, 0.8772153854370117, 1.217792272567749, 0.9883008599281311, 1.1184486150741577, 1.0707365274429321, 1.039534330368042, 0.9153529405593872, 0.938934326171875, 0.9843803644180298, 1.0784848928451538, 1.0674827098846436, 1.04893159866333, 1.0511510372161865, 1.064724326133728, 1.0361212491989136, 1.0334579944610596, 0.8772153854370117, 1.217792272567749, 0.9883008599281311, 1.1184486150741577, 1.0707365274429321, 1.039534330368042, 0.9153529405593872, 0.938934326171875, 0.9843803644180298, 1.0784848928451538, 1.0674827098846436, 1.04893159866333, 1.0511510372161865, 1.064724326133728, 1.0361212491989136, 1.0334579944610596, 0.8772153854370117, 1.217792272567749, 0.9883008599281311, 1.1184486150741577, 1.0707365274429321, 1.039534330368042, 0.9153529405593872, 0.938934326171875, 0.9843803644180298, 1.0784848928451538, 1.0674827098846436, 1.04893159866333, 1.0511510372161865, 1.064724326133728, 1.0361212491989136, 1.0334579944610596, 0.8772153854370117, 1.217792272567749, 0.9883008599281311, 1.1184486150741577, 1.0707365274429321, 1.039534330368042, 0.9153529405593872, 0.938934326171875, 0.9843803644180298, 1.0784848928451538, 1.0674827098846436, 1.04893159866333, 1.0511510372161865, 1.064724326133728, 1.0361212491989136, 1.0334579944610596, 0.8772153854370117, 1.217792272567749]]}